,season,yr,mnth,weathersit,temp,registered,cnt,weekend,daytype,windspeed_median,hum_median,fri,mon,sat,sun,thur,tue,wed
0,1,0,1,2,0.344167,654,985,1,1,0.160446,0.805833,0,0,1,0,0,0,0
1,1,0,1,2,0.363478,670,801,1,1,0.248539,0.696087,0,0,0,1,0,0,0
2,1,0,1,1,0.196364,1229,1349,0,3,0.248309,0.437273,0,1,0,0,0,0,0
3,1,0,1,1,0.2,1454,1562,0,3,0.160296,0.590435,0,0,0,0,0,1,0
4,1,0,1,1,0.226957,1518,1600,0,3,0.1869,0.436957,0,0,0,0,0,0,1
5,1,0,1,1,0.204348,1518,1606,0,3,0.0895652,0.518261,0,0,0,0,1,0,0
6,1,0,1,2,0.196522,1362,1510,0,3,0.168726,0.498696,1,0,0,0,0,0,0
7,1,0,1,2,0.165,891,959,1,1,0.266804,0.535833,0,0,1,0,0,0,0
8,1,0,1,1,0.138333,768,822,1,1,0.36195,0.434167,0,0,0,1,0,0,0
9,1,0,1,1,0.150833,1280,1321,0,3,0.223267,0.482917,0,1,0,0,0,0,0
10,1,0,1,2,0.169091,1220,1263,0,3,0.122132,0.686364,0,0,0,0,0,1,0
11,1,0,1,1,0.172727,1137,1162,0,3,0.304627,0.599545,0,0,0,0,0,0,1
12,1,0,1,1,0.165,1368,1406,0,3,0.301,0.470417,0,0,0,0,1,0,0
13,1,0,1,1,0.16087,1367,1421,0,3,0.126548,0.537826,1,0,0,0,0,0,0
14,1,0,1,2,0.233333,1026,1248,1,1,0.157963,0.49875,0,0,1,0,0,0,0
15,1,0,1,1,0.231667,953,1204,1,1,0.188433,0.48375,0,0,0,1,0,0,0
16,1,0,1,2,0.175833,883,1000,0,2,0.194017,0.5375,0,1,0,0,0,0,0
17,1,0,1,2,0.216667,674,683,0,3,0.146775,0.861667,0,0,0,0,0,1,0
18,1,0,1,2,0.292174,1572,1650,0,3,0.208317,0.741739,0,0,0,0,0,0,1
19,1,0,1,2,0.261667,1844,1927,0,3,0.195904,0.538333,0,0,0,0,1,0,0
20,1,0,1,1,0.1775,1468,1543,0,3,0.353242,0.457083,1,0,0,0,0,0,0
21,1,0,1,1,0.0591304,888,981,1,1,0.17197,0.4,0,0,1,0,0,0,0
22,1,0,1,1,0.0965217,836,986,1,1,0.2466,0.436522,0,0,0,1,0,0,0
23,1,0,1,1,0.0973913,1330,1416,0,3,0.15833,0.491739,0,1,0,0,0,0,0
24,1,0,1,2,0.223478,1799,1985,0,3,0.129796,0.616957,0,0,0,0,0,1,0
25,1,0,1,3,0.2175,472,506,0,3,0.29385,0.8625,0,0,0,0,0,0,1
26,1,0,1,1,0.195,416,431,0,3,0.113837,0.6875,0,0,0,0,1,0,0
27,1,0,1,2,0.203478,1129,1167,0,3,0.1233,0.793043,1,0,0,0,0,0,0
28,1,0,1,1,0.196522,975,1098,1,1,0.145365,0.651739,0,0,1,0,0,0,0
29,1,0,1,1,0.216522,956,1096,1,1,0.0739826,0.722174,0,0,0,1,0,0,0
30,1,0,1,2,0.180833,1459,1501,0,3,0.187192,0.60375,0,1,0,0,0,0,0
31,1,0,2,2,0.192174,1313,1360,0,3,0.053213,0.829565,0,0,0,0,0,1,0
32,1,0,2,2,0.26,1454,1526,0,3,0.264308,0.775417,0,0,0,0,0,0,1
33,1,0,2,1,0.186957,1489,1550,0,3,0.277752,0.437826,0,0,0,0,1,0,0
34,1,0,2,2,0.211304,1620,1708,0,3,0.127839,0.585217,1,0,0,0,0,0,0
35,1,0,2,2,0.233333,905,1005,1,1,0.161079,0.929167,0,0,1,0,0,0,0
36,1,0,2,1,0.285833,1269,1623,1,1,0.1418,0.568333,0,0,0,1,0,0,0
37,1,0,2,1,0.271667,1592,1712,0,3,0.0454083,0.738333,0,1,0,0,0,0,0
38,1,0,2,1,0.220833,1466,1530,0,3,0.36195,0.537917,0,0,0,0,0,1,0
39,1,0,2,2,0.134783,1552,1605,0,3,0.188839,0.494783,0,0,0,0,0,0,1
40,1,0,2,1,0.144348,1491,1538,0,3,0.221935,0.437391,0,0,0,0,1,0,0
41,1,0,2,1,0.189091,1597,1746,0,3,0.10855,0.506364,1,0,0,0,0,0,0
42,1,0,2,1,0.2225,1184,1472,1,1,0.203367,0.544167,0,0,1,0,0,0,0
43,1,0,2,1,0.316522,1192,1589,1,1,0.260883,0.457391,0,0,0,1,0,0,0
44,1,0,2,1,0.415,1705,1913,0,3,0.417908,0.375833,0,1,0,0,0,0,0
45,1,0,2,1,0.266087,1675,1815,0,3,0.291374,0.314348,0,0,0,0,0,1,0
46,1,0,2,1,0.318261,1897,2115,0,3,0.251791,0.423478,0,0,0,0,0,0,1
47,1,0,2,1,0.435833,2216,2475,0,3,0.230104,0.505,0,0,0,0,1,0,0
48,1,0,2,1,0.521667,2348,2927,0,3,0.264925,0.516667,1,0,0,0,0,0,0
49,1,0,2,1,0.399167,1103,1635,1,1,0.507463,0.187917,0,0,1,0,0,0,0
50,1,0,2,1,0.285217,1173,1812,1,1,0.223235,0.407826,0,0,0,1,0,0,0
51,1,0,2,2,0.303333,912,1107,0,2,0.307846,0.605,0,1,0,0,0,0,0
52,1,0,2,1,0.182222,1376,1450,0,3,0.195683,0.577778,0,0,0,0,0,1,0
53,1,0,2,1,0.221739,1778,1917,0,3,0.094113,0.423043,0,0,0,0,0,0,1
54,1,0,2,2,0.295652,1707,1807,0,3,0.250496,0.697391,0,0,0,0,1,0,0
55,1,0,2,2,0.364348,1341,1461,0,3,0.346539,0.712174,1,0,0,0,0,0,0
56,1,0,2,1,0.2825,1545,1969,1,1,0.186571,0.537917,0,0,1,0,0,0,0
57,1,0,2,1,0.343478,1708,2402,1,1,0.125248,0.68,0,0,0,1,0,0,0
58,1,0,2,2,0.407273,1365,1446,0,3,0.289686,0.876364,0,1,0,0,0,0,0
59,1,0,3,1,0.266667,1714,1851,0,3,0.216425,0.535,0,0,0,0,0,1,0
60,1,0,3,1,0.335,1903,2134,0,3,0.307833,0.449583,0,0,0,0,0,0,1
61,1,0,3,1,0.198333,1562,1685,0,3,0.225754,0.318333,0,0,0,0,1,0,0
62,1,0,3,2,0.261667,1730,1944,0,3,0.203346,0.610417,1,0,0,0,0,0,0
63,1,0,3,2,0.384167,1437,2077,1,1,0.251871,0.789167,0,0,1,0,0,0,0
64,1,0,3,2,0.376522,491,605,1,1,0.343287,0.948261,0,0,0,1,0,0,0
65,1,0,3,1,0.261739,1628,1872,0,3,0.341352,0.551304,0,1,0,0,0,0,0
66,1,0,3,1,0.2925,1817,2133,0,3,0.12065,0.420833,0,0,0,0,0,1,0
67,1,0,3,2,0.295833,1700,1891,0,3,0.22015,0.775417,0,0,0,0,0,0,1
68,1,0,3,3,0.389091,577,623,0,3,0.261877,0.626667,0,0,0,0,1,0,0
69,1,0,3,2,0.316522,1730,1977,0,3,0.23297,0.649565,1,0,0,0,0,0,0
70,1,0,3,1,0.329167,1408,2132,1,1,0.220775,0.594583,0,0,1,0,0,0,0
71,1,0,3,1,0.384348,1435,2417,1,1,0.270604,0.527391,0,0,0,1,0,0,0
72,1,0,3,1,0.325217,1687,2046,0,3,0.136926,0.496957,0,1,0,0,0,0,0
73,1,0,3,2,0.317391,1767,2056,0,3,0.184309,0.655652,0,0,0,0,0,1,0
74,1,0,3,2,0.365217,1871,2192,0,3,0.203117,0.776522,0,0,0,0,0,0,1
75,1,0,3,1,0.415,2320,2744,0,3,0.209579,0.602917,0,0,0,0,1,0,0
76,1,0,3,1,0.54,2355,3239,0,3,0.231017,0.525217,1,0,0,0,0,0,0
77,1,0,3,1,0.4725,1693,3117,1,1,0.368167,0.379167,0,0,1,0,0,0,0
78,1,0,3,1,0.3325,1424,2471,1,1,0.207721,0.47375,0,0,0,1,0,0,0
79,2,0,3,2,0.430435,1676,2077,0,3,0.288783,0.737391,0,1,0,0,0,0,0
80,2,0,3,1,0.441667,2243,2703,0,3,0.22575,0.624583,0,0,0,0,0,1,0
81,2,0,3,2,0.346957,1918,2121,0,3,0.234261,0.839565,0,0,0,0,0,0,1
82,2,0,3,2,0.285,1699,1865,0,3,0.243787,0.805833,0,0,0,0,1,0,0
83,2,0,3,1,0.264167,1910,2210,0,3,0.230725,0.495,1,0,0,0,0,0,0
84,2,0,3,1,0.265833,1515,2496,1,1,0.209571,0.394167,0,0,1,0,0,0,0
85,2,0,3,2,0.253043,1221,1693,1,1,0.1843,0.493913,0,0,0,1,0,0,0
86,2,0,3,1,0.264348,1806,2028,0,3,0.212204,0.302174,0,1,0,0,0,0,0
87,2,0,3,1,0.3025,2108,2425,0,3,0.226996,0.314167,0,0,0,0,0,1,0
88,2,0,3,2,0.3,1368,1536,0,3,0.172888,0.646667,0,0,0,0,0,0,1
89,2,0,3,3,0.268333,1506,1685,0,3,0.217646,0.918333,0,0,0,0,1,0,0
90,2,0,4,2,0.3,1920,2227,0,3,0.258708,0.68625,1,0,0,0,0,0,0
91,2,0,4,2,0.315,1354,2252,1,1,0.197146,0.65375,0,0,1,0,0,0,0
92,2,0,4,1,0.378333,1598,3249,1,1,0.182213,0.48,0,0,0,1,0,0,0
93,2,0,4,1,0.573333,2381,3115,0,3,0.385571,0.42625,0,1,0,0,0,0,0
94,2,0,4,2,0.414167,1628,1795,0,3,0.388067,0.642083,0,0,0,0,0,1,0
95,2,0,4,1,0.390833,2395,2808,0,3,0.263063,0.470833,0,0,0,0,0,0,1
96,2,0,4,1,0.4375,2570,3141,0,3,0.162312,0.602917,0,0,0,0,1,0,0
97,2,0,4,2,0.335833,1299,1471,0,3,0.226992,0.83625,1,0,0,0,0,0,0
98,2,0,4,2,0.3425,1576,2455,1,1,0.133083,0.8775,0,0,1,0,0,0,0
99,2,0,4,2,0.426667,1707,2895,1,1,0.146767,0.8575,0,0,0,1,0,0,0
100,2,0,4,2,0.595652,2493,3348,0,3,0.324474,0.716956,0,1,0,0,0,0,0
101,2,0,4,2,0.5025,1777,2034,0,3,0.274879,0.739167,0,0,0,0,0,1,0
102,2,0,4,2,0.4125,1953,2162,0,3,0.250617,0.819167,0,0,0,0,0,0,1
103,2,0,4,1,0.4675,2738,3267,0,3,0.1107,0.540417,0,0,0,0,1,0,0
104,2,0,4,1,0.446667,2484,3126,0,2,0.226375,0.67125,1,0,0,0,0,0,0
105,2,0,4,3,0.430833,674,795,1,1,0.340808,0.888333,0,0,1,0,0,0,0
106,2,0,4,1,0.456667,2186,3744,1,1,0.303496,0.479583,0,0,0,1,0,0,0
107,2,0,4,1,0.5125,2760,3429,0,3,0.163567,0.5425,0,1,0,0,0,0,0
108,2,0,4,2,0.505833,2795,3204,0,3,0.157971,0.665833,0,0,0,0,0,1,0
109,2,0,4,1,0.595,3331,3944,0,3,0.241925,0.614167,0,0,0,0,0,0,1
110,2,0,4,1,0.459167,3444,4189,0,3,0.325258,0.407083,0,0,0,0,1,0,0
111,2,0,4,2,0.336667,1506,1683,0,3,0.219521,0.729583,1,0,0,0,0,0,0
112,2,0,4,2,0.46,2574,4036,1,1,0.230725,0.887917,0,0,1,0,0,0,0
113,2,0,4,2,0.581667,2481,4191,1,1,0.192175,0.810833,0,0,0,1,0,0,0
114,2,0,4,1,0.606667,3300,4073,0,3,0.185333,0.776667,0,1,0,0,0,0,0
115,2,0,4,1,0.631667,3722,4400,0,3,0.3265,0.729167,0,0,0,0,0,1,0
116,2,0,4,2,0.62,3325,3872,0,3,0.3122,0.835417,0,0,0,0,0,0,1
117,2,0,4,2,0.6175,3489,4058,0,3,0.320908,0.700833,0,0,0,0,1,0,0
118,2,0,4,1,0.51,3717,4595,0,3,0.240063,0.457083,1,0,0,0,0,0,0
119,2,0,4,1,0.4725,3347,5312,1,1,0.235075,0.503333,0,0,1,0,0,0,0
120,2,0,5,2,0.451667,2213,3351,1,1,0.106354,0.762083,0,0,0,1,0,0,0
121,2,0,5,2,0.549167,3554,4401,0,3,0.183454,0.73,0,1,0,0,0,0,0
122,2,0,5,2,0.616667,3848,4451,0,3,0.342667,0.697083,0,0,0,0,0,1,0
123,2,0,5,2,0.414167,2378,2633,0,3,0.328996,0.737083,0,0,0,0,0,0,1
124,2,0,5,1,0.459167,3819,4433,0,3,0.295392,0.444167,0,0,0,0,1,0,0
125,2,0,5,1,0.479167,3714,4608,0,3,0.228246,0.59,1,0,0,0,0,0,0
126,2,0,5,1,0.52,3102,4714,1,1,0.16045,0.54125,0,0,1,0,0,0,0
127,2,0,5,1,0.528333,2932,4333,1,1,0.0746375,0.631667,0,0,0,1,0,0,0
128,2,0,5,1,0.5325,3698,4362,0,3,0.176,0.58875,0,1,0,0,0,0,0
129,2,0,5,1,0.5325,4109,4803,0,3,0.115671,0.489167,0,0,0,0,0,1,0
130,2,0,5,1,0.5425,3632,4182,0,3,0.120642,0.632917,0,0,0,0,0,0,1
131,2,0,5,1,0.535,4169,4864,0,3,0.189667,0.7475,0,0,0,0,1,0,0
132,2,0,5,2,0.5125,3413,4105,0,3,0.179725,0.863333,1,0,0,0,0,0,0
133,2,0,5,2,0.520833,2507,3409,1,1,0.13495,0.9225,0,0,1,0,0,0,0
134,2,0,5,2,0.5625,2971,4553,1,1,0.152979,0.867083,0,0,0,1,0,0,0
135,2,0,5,1,0.5775,3185,3958,0,3,0.126871,0.787917,0,1,0,0,0,0,0
136,2,0,5,2,0.561667,3445,4123,0,3,0.277354,0.837917,0,0,0,0,0,1,0
137,2,0,5,2,0.55,3319,3855,0,3,0.201492,0.87,0,0,0,0,0,0,1
138,2,0,5,2,0.530833,3840,4575,0,3,0.108213,0.829583,0,0,0,0,1,0,0
139,2,0,5,1,0.536667,4008,4917,0,3,0.125013,0.719583,1,0,0,0,0,0,0
140,2,0,5,1,0.6025,3547,5805,1,1,0.12065,0.626667,0,0,1,0,0,0,0
141,2,0,5,1,0.604167,3084,4660,1,1,0.148008,0.749583,0,0,0,1,0,0,0
142,2,0,5,2,0.631667,3438,4274,0,3,0.233842,0.81,0,1,0,0,0,0,0
143,2,0,5,2,0.66,3833,4492,0,3,0.207092,0.740833,0,0,0,0,0,1,0
144,2,0,5,1,0.660833,4238,4978,0,3,0.154233,0.69625,0,0,0,0,0,0,1
145,2,0,5,1,0.708333,3919,4677,0,3,0.199642,0.6775,0,0,0,0,1,0,0
146,2,0,5,1,0.681667,3808,4679,0,3,0.240679,0.65375,1,0,0,0,0,0,0
147,2,0,5,1,0.655833,2757,4758,1,1,0.230092,0.729583,0,0,1,0,0,0,0
148,2,0,5,1,0.6675,2433,4788,1,1,0.213938,0.81875,0,0,0,1,0,0,0
149,2,0,5,1,0.733333,2549,4098,0,2,0.131225,0.685,0,1,0,0,0,0,0
150,2,0,5,1,0.775,3309,3982,0,3,0.111329,0.636667,0,0,0,0,0,1,0
151,2,0,6,2,0.764167,3461,3974,0,3,0.207092,0.677083,0,0,0,0,0,0,1
152,2,0,6,1,0.715,4232,4968,0,3,0.292287,0.305,0,0,0,0,1,0,0
153,2,0,6,1,0.62,4414,5312,0,3,0.253121,0.354167,1,0,0,0,0,0,0
154,2,0,6,1,0.635,3473,5342,1,1,0.123142,0.45625,0,0,1,0,0,0,0
155,2,0,6,2,0.648333,3221,4906,1,1,0.138692,0.6525,0,0,0,1,0,0,0
156,2,0,6,1,0.678333,3875,4548,0,3,0.121896,0.6,0,1,0,0,0,0,0
157,2,0,6,1,0.7075,4070,4833,0,3,0.187808,0.597917,0,0,0,0,0,1,0
158,2,0,6,1,0.775833,3725,4401,0,3,0.136817,0.622083,0,0,0,0,0,0,1
159,2,0,6,2,0.808333,3352,3915,0,3,0.149883,0.568333,0,0,0,0,1,0,0
160,2,0,6,1,0.755,3771,4586,0,3,0.140554,0.605,1,0,0,0,0,0,0
161,2,0,6,1,0.725,3237,4966,1,1,0.15485,0.654583,0,0,1,0,0,0,0
162,2,0,6,1,0.6925,2993,4460,1,1,0.163567,0.747917,0,0,0,1,0,0,0
163,2,0,6,1,0.635,4157,5020,0,3,0.30535,0.494583,0,1,0,0,0,0,0
164,2,0,6,1,0.604167,4164,4891,0,3,0.269283,0.507083,0,0,0,0,0,1,0
165,2,0,6,1,0.626667,4411,5180,0,3,0.167912,0.471667,0,0,0,0,0,0,1
166,2,0,6,2,0.628333,3222,3767,0,3,0.206471,0.688333,0,0,0,0,1,0,0
167,2,0,6,1,0.649167,3981,4844,0,3,0.143029,0.735833,1,0,0,0,0,0,0
168,2,0,6,1,0.696667,3312,5119,1,1,0.119408,0.670417,0,0,1,0,0,0,0
169,2,0,6,2,0.699167,3105,4744,1,1,0.102,0.666667,0,0,0,1,0,0,0
170,2,0,6,2,0.635,3311,4010,0,3,0.155475,0.74625,0,1,0,0,0,0,0
171,3,0,6,2,0.680833,4061,4835,0,3,0.171025,0.770417,0,0,0,0,0,1,0
172,3,0,6,1,0.733333,3846,4507,0,3,0.172262,0.7075,0,0,0,0,0,0,1
173,3,0,6,2,0.728333,4044,4790,0,3,0.238804,0.703333,0,0,0,0,1,0,0
174,3,0,6,1,0.724167,4022,4991,0,3,0.222025,0.573333,1,0,0,0,0,0,0
175,3,0,6,1,0.695,3420,5202,1,1,0.209571,0.483333,0,0,1,0,0,0,0
176,3,0,6,1,0.68,3385,5305,1,1,0.0945333,0.513333,0,0,0,1,0,0,0
177,3,0,6,2,0.6825,3854,4708,0,3,0.107588,0.658333,0,1,0,0,0,0,0
178,3,0,6,1,0.744167,3916,4648,0,3,0.144283,0.634167,0,0,0,0,0,1,0
179,3,0,6,1,0.728333,4377,5225,0,3,0.261821,0.497917,0,0,0,0,0,0,1
180,3,0,6,1,0.696667,4488,5515,0,3,0.185312,0.434167,0,0,0,0,1,0,0
181,3,0,7,1,0.7225,4116,5362,0,3,0.102608,0.39625,1,0,0,0,0,0,0
182,3,0,7,1,0.738333,2915,5119,1,1,0.115062,0.444583,0,0,1,0,0,0,0
183,3,0,7,2,0.716667,2367,4649,1,1,0.228858,0.6825,0,0,0,1,0,0,0
184,3,0,7,2,0.726667,2978,6043,0,2,0.0814792,0.637917,0,1,0,0,0,0,0
185,3,0,7,1,0.746667,3634,4665,0,3,0.126258,0.590417,0,0,0,0,0,1,0
186,3,0,7,1,0.72,3845,4629,0,3,0.149883,0.743333,0,0,0,0,0,0,1
187,3,0,7,1,0.75,3838,4592,0,3,0.1592,0.65125,0,0,0,0,1,0,0
188,3,0,7,2,0.709167,3348,4040,0,3,0.225129,0.757917,1,0,0,0,0,0,0
189,3,0,7,1,0.733333,3348,5336,1,1,0.167912,0.609167,0,0,1,0,0,0,0
190,3,0,7,1,0.7475,3138,4881,1,1,0.183471,0.578333,0,0,0,1,0,0,0
191,3,0,7,1,0.7625,3363,4086,0,3,0.282337,0.635833,0,1,0,0,0,0,0
192,3,0,7,1,0.794167,3596,4258,0,3,0.200254,0.559167,0,0,0,0,0,1,0
193,3,0,7,1,0.746667,3594,4342,0,3,0.146133,0.631667,0,0,0,0,0,0,1
194,3,0,7,1,0.680833,4196,5084,0,3,0.240667,0.47625,0,0,0,0,1,0,0
195,3,0,7,1,0.663333,4220,5538,0,3,0.182833,0.59125,1,0,0,0,0,0,0
196,3,0,7,1,0.686667,3505,5923,1,1,0.208342,0.585,0,0,1,0,0,0,0
197,3,0,7,1,0.719167,3296,5302,1,1,0.245033,0.604167,0,0,0,1,0,0,0
198,3,0,7,1,0.746667,3617,4458,0,3,0.215804,0.65125,0,1,0,0,0,0,0
199,3,0,7,1,0.776667,3789,4541,0,3,0.1306,0.650417,0,0,0,0,0,1,0
200,3,0,7,1,0.768333,3688,4332,0,3,0.113817,0.707083,0,0,0,0,0,0,1
201,3,0,7,2,0.815,3152,3784,0,3,0.222021,0.69125,0,0,0,0,1,0,0
202,3,0,7,1,0.848333,2825,3387,0,3,0.1331,0.580417,1,0,0,0,0,0,0
203,3,0,7,1,0.849167,2298,3285,1,1,0.131221,0.5,0,0,1,0,0,0,0
204,3,0,7,1,0.83,2556,3606,1,1,0.169171,0.550833,0,0,0,1,0,0,0
205,3,0,7,1,0.743333,3272,3840,0,3,0.0908083,0.757083,0,1,0,0,0,0,0
206,3,0,7,1,0.771667,3840,4590,0,3,0.200258,0.540833,0,0,0,0,0,1,0
207,3,0,7,1,0.775,3901,4656,0,3,0.183463,0.402917,0,0,0,0,0,0,1
208,3,0,7,1,0.779167,3784,4390,0,3,0.178479,0.583333,0,0,0,0,1,0,0
209,3,0,7,1,0.838333,3176,3846,0,3,0.174138,0.5425,1,0,0,0,0,0,0
210,3,0,7,1,0.804167,2916,4475,1,1,0.168537,0.465833,0,0,1,0,0,0,0
211,3,0,7,1,0.805833,2778,4302,1,1,0.164813,0.480833,0,0,0,1,0,0,0
212,3,0,8,1,0.771667,3537,4266,0,3,0.156717,0.550833,0,1,0,0,0,0,0
213,3,0,8,1,0.783333,4044,4845,0,3,0.20585,0.49125,0,0,0,0,0,1,0
214,3,0,8,2,0.731667,3107,3574,0,3,0.135583,0.6575,0,0,0,0,0,0,1
215,3,0,8,2,0.71,3777,4576,0,3,0.19715,0.7575,0,0,0,0,1,0,0
216,3,0,8,1,0.710833,3843,4866,0,3,0.184696,0.630833,1,0,0,0,0,0,0
217,3,0,8,2,0.716667,2773,4294,1,1,0.22825,0.755,0,0,1,0,0,0,0
218,3,0,8,1,0.7425,2487,3785,1,1,0.201487,0.752917,0,0,0,1,0,0,0
219,3,0,8,1,0.765,3480,4326,0,3,0.192175,0.592083,0,1,0,0,0,0,0
220,3,0,8,1,0.775,3695,4602,0,3,0.151121,0.570417,0,0,0,0,0,1,0
221,3,0,8,1,0.766667,3896,4780,0,3,0.200258,0.424167,0,0,0,0,0,0,1
222,3,0,8,1,0.7175,3980,4792,0,3,0.164796,0.42375,0,0,0,0,1,0,0
223,3,0,8,1,0.708333,3854,4905,0,3,0.125621,0.415,1,0,0,0,0,0,0
224,3,0,8,2,0.685833,2646,4150,1,1,0.211454,0.729583,0,0,1,0,0,0,0
225,3,0,8,2,0.676667,2482,3820,1,1,0.222633,0.8175,0,0,0,1,0,0,0
226,3,0,8,1,0.665833,3563,4338,0,3,0.208954,0.712083,0,1,0,0,0,0,0
227,3,0,8,1,0.700833,4004,4725,0,3,0.236329,0.578333,0,0,0,0,0,1,0
228,3,0,8,1,0.723333,4026,4694,0,3,0.143667,0.575417,0,0,0,0,0,0,1
229,3,0,8,1,0.711667,3166,3805,0,3,0.233208,0.654583,0,0,0,0,1,0,0
230,3,0,8,2,0.685,3356,4153,0,3,0.139308,0.722917,1,0,0,0,0,0,0
231,3,0,8,1,0.6975,3277,5191,1,1,0.104467,0.674167,0,0,1,0,0,0,0
232,3,0,8,1,0.710833,2624,3873,1,1,0.248754,0.77,0,0,0,1,0,0,0
233,3,0,8,1,0.691667,3925,4758,0,3,0.27675,0.47,0,1,0,0,0,0,0
234,3,0,8,1,0.640833,4614,5895,0,3,0.146763,0.455417,0,0,0,0,0,1,0
235,3,0,8,1,0.673333,4181,5130,0,3,0.253108,0.605,0,0,0,0,0,0,1
236,3,0,8,2,0.684167,3107,3542,0,3,0.210833,0.771667,0,0,0,0,1,0,0
237,3,0,8,1,0.7,3893,4661,0,3,0.0839625,0.76125,1,0,0,0,0,0,0
238,3,0,8,2,0.68,889,1115,1,1,0.375617,0.85,0,0,1,0,0,0,0
239,3,0,8,1,0.707059,2919,4334,1,1,0.304659,0.561765,0,0,0,1,0,0,0
240,3,0,8,1,0.636667,3905,4634,0,3,0.159825,0.554583,0,1,0,0,0,0,0
241,3,0,8,1,0.639167,4429,5204,0,3,0.125008,0.548333,0,0,0,0,0,1,0
242,3,0,8,1,0.656667,4370,5058,0,3,0.0833333,0.597917,0,0,0,0,0,0,1
243,3,0,9,1,0.655,4332,5115,0,3,0.141796,0.639167,0,0,0,0,1,0,0
244,3,0,9,2,0.643333,3852,4727,0,3,0.139929,0.727083,1,0,0,0,0,0,0
245,3,0,9,1,0.669167,2549,4484,1,1,0.185325,0.716667,0,0,1,0,0,0,0
246,3,0,9,1,0.709167,2419,4940,1,1,0.206467,0.742083,0,0,0,1,0,0,0
247,3,0,9,2,0.673333,2115,3351,0,2,0.212696,0.790417,0,1,0,0,0,0,0
248,3,0,9,3,0.54,2506,2710,0,3,0.343943,0.886957,0,0,0,0,0,1,0
249,3,0,9,3,0.599167,1878,1996,0,3,0.0970208,0.917083,0,0,0,0,0,0,1
250,3,0,9,3,0.633913,1689,1842,0,3,0.192748,0.939565,0,0,0,0,1,0,0
251,3,0,9,2,0.65,3127,3544,0,3,0.124379,0.897917,1,0,0,0,0,0,0
252,3,0,9,1,0.66,3595,5345,1,1,0.153608,0.75375,0,0,1,0,0,0,0
253,3,0,9,1,0.653333,3413,5046,1,1,0.115054,0.71375,0,0,0,1,0,0,0
254,3,0,9,1,0.644348,4023,4713,0,3,0.088913,0.692174,0,1,0,0,0,0,0
255,3,0,9,1,0.650833,4062,4763,0,3,0.141804,0.7125,0,0,0,0,0,1,0
256,3,0,9,1,0.673333,4138,4785,0,3,0.1673,0.697083,0,0,0,0,0,0,1
257,3,0,9,2,0.5775,3231,3659,0,3,0.271146,0.709167,0,0,0,0,1,0,0
258,3,0,9,2,0.469167,4018,4760,0,3,0.164183,0.590417,1,0,0,0,0,0,0
259,3,0,9,2,0.491667,3077,4511,1,1,0.189675,0.718333,0,0,1,0,0,0,0
260,3,0,9,1,0.5075,2921,4274,1,1,0.178483,0.695,0,0,0,1,0,0,0
261,3,0,9,2,0.549167,3848,4539,0,3,0.151742,0.69,0,1,0,0,0,0,0
262,3,0,9,2,0.561667,3203,3641,0,3,0.134954,0.88125,0,0,0,0,0,1,0
263,3,0,9,2,0.595,3813,4352,0,3,0.0964042,0.9,0,0,0,0,0,0,1
264,3,0,9,2,0.628333,4240,4795,0,3,0.128125,0.902083,0,0,0,0,1,0,0
265,4,0,9,2,0.609167,2137,2395,0,3,0.0783667,0.9725,1,0,0,0,0,0,0
266,4,0,9,2,0.606667,3647,5423,1,1,0.0783833,0.8625,0,0,1,0,0,0,0
267,4,0,9,2,0.634167,3466,5010,1,1,0.0503792,0.845,0,0,0,1,0,0,0
268,4,0,9,2,0.649167,3946,4630,0,3,0.1107,0.848333,0,1,0,0,0,0,0
269,4,0,9,2,0.636667,3643,4120,0,3,0.118171,0.885417,0,0,0,0,0,1,0
270,4,0,9,2,0.635,3427,3907,0,3,0.148629,0.84875,0,0,0,0,0,0,1
271,4,0,9,1,0.616667,4186,4839,0,3,0.172883,0.699167,0,0,0,0,1,0,0
272,4,0,9,1,0.564167,4372,5202,0,3,0.206475,0.6475,1,0,0,0,0,0,0
273,4,0,10,2,0.41,1949,2429,1,1,0.292296,0.75375,0,0,1,0,0,0,0
274,4,0,10,2,0.356667,2302,2918,1,1,0.222013,0.791667,0,0,0,1,0,0,0
275,4,0,10,2,0.384167,3240,3570,0,3,0.0833458,0.760833,0,1,0,0,0,0,0
276,4,0,10,1,0.484167,3970,4456,0,3,0.205854,0.71,0,0,0,0,0,1,0
277,4,0,10,1,0.538333,4267,4826,0,3,0.17725,0.647917,0,0,0,0,0,0,1
278,4,0,10,1,0.494167,4126,4765,0,3,0.134954,0.620833,0,0,0,0,1,0,0
279,4,0,10,1,0.510833,4036,4985,0,3,0.0223917,0.684167,1,0,0,0,0,0,0
280,4,0,10,1,0.521667,3174,5409,1,1,0.0454042,0.70125,0,0,1,0,0,0,0
281,4,0,10,1,0.540833,3114,5511,1,1,0.06345,0.7275,0,0,0,1,0,0,0
282,4,0,10,1,0.570833,3603,5117,0,2,0.0423042,0.73375,0,1,0,0,0,0,0
283,4,0,10,2,0.566667,3896,4563,0,3,0.143042,0.80875,0,0,0,0,0,1,0
284,4,0,10,3,0.543333,2199,2416,0,3,0.24815,0.90625,0,0,0,0,0,0,1
285,4,0,10,2,0.589167,2623,2913,0,3,0.141787,0.896667,0,0,0,0,1,0,0
286,4,0,10,2,0.550833,3115,3644,0,3,0.223883,0.71625,1,0,0,0,0,0,0
287,4,0,10,1,0.506667,3318,5217,1,1,0.258083,0.483333,0,0,1,0,0,0,0
288,4,0,10,1,0.511667,3293,5041,1,1,0.281717,0.486667,0,0,0,1,0,0,0
289,4,0,10,1,0.534167,3857,4570,0,3,0.175379,0.579583,0,1,0,0,0,0,0
290,4,0,10,2,0.5325,4111,4748,0,3,0.110087,0.701667,0,0,0,0,0,1,0
291,4,0,10,3,0.541739,2170,2424,0,3,0.243339,0.895217,0,0,0,0,0,0,1
292,4,0,10,1,0.475833,3724,4195,0,3,0.422275,0.63625,0,0,0,0,1,0,0
293,4,0,10,1,0.4275,3628,4304,0,3,0.221396,0.574167,1,0,0,0,0,0,0
294,4,0,10,1,0.4225,2809,4308,1,1,0.0926667,0.629167,0,0,1,0,0,0,0
295,4,0,10,1,0.421667,2762,4381,1,1,0.0995125,0.74125,0,0,0,1,0,0,0
296,4,0,10,1,0.463333,3488,4187,0,3,0.118792,0.772083,0,1,0,0,0,0,0
297,4,0,10,1,0.471667,3992,4687,0,3,0.166658,0.622917,0,0,0,0,0,1,0
298,4,0,10,2,0.484167,3490,3894,0,3,0.148642,0.720417,0,0,0,0,0,0,1
299,4,0,10,2,0.47,2419,2659,0,3,0.197763,0.812917,0,0,0,0,1,0,0
300,4,0,10,2,0.330833,3291,3747,0,3,0.229479,0.585833,1,0,0,0,0,0,0
301,4,0,10,3,0.254167,570,627,1,1,0.351371,0.8825,0,0,1,0,0,0,0
302,4,0,10,1,0.319167,2446,3331,1,1,0.176617,0.62375,0,0,0,1,0,0,0
303,4,0,10,1,0.34,3307,3669,0,3,0.10635,0.703333,0,1,0,0,0,0,0
304,4,0,11,1,0.400833,3658,4068,0,3,0.135571,0.68375,0,0,0,0,0,1,0
305,4,0,11,1,0.3775,3816,4186,0,3,0.0820917,0.71875,0,0,0,0,0,0,1
306,4,0,11,1,0.408333,3656,3974,0,3,0.136817,0.702083,0,0,0,0,1,0,0
307,4,0,11,2,0.403333,3576,4046,0,3,0.271779,0.6225,1,0,0,0,0,0,0
308,4,0,11,1,0.326667,2770,3926,1,1,0.189062,0.519167,0,0,1,0,0,0,0
309,4,0,11,1,0.348333,2697,3649,1,1,0.0920542,0.734583,0,0,0,1,0,0,0
310,4,0,11,1,0.395,3662,4035,0,3,0.057225,0.75875,0,1,0,0,0,0,0
311,4,0,11,1,0.408333,3829,4205,0,3,0.0690375,0.721667,0,0,0,0,0,1,0
312,4,0,11,1,0.4,3804,4109,0,3,0.0621958,0.758333,0,0,0,0,0,0,1
313,4,0,11,2,0.38,2743,2933,0,3,0.189067,0.813333,0,0,0,0,1,0,0
314,4,0,11,1,0.324167,2928,3368,0,2,0.314675,0.44625,1,0,0,0,0,0,0
315,4,0,11,1,0.356667,2792,4067,1,1,0.212062,0.552917,0,0,1,0,0,0,0
316,4,0,11,1,0.440833,2713,3717,1,1,0.281721,0.458333,0,0,0,1,0,0,0
317,4,0,11,1,0.53,3891,4486,0,3,0.306596,0.587083,0,1,0,0,0,0,0
318,4,0,11,2,0.53,3746,4195,0,3,0.199633,0.68875,0,0,0,0,0,1,0
319,4,0,11,3,0.456667,1672,1817,0,3,0.136829,0.93,0,0,0,0,0,0,1
320,4,0,11,2,0.341667,2914,3053,0,3,0.305362,0.575833,0,0,0,0,1,0,0
321,4,0,11,1,0.274167,3147,3392,0,3,0.168533,0.41,1,0,0,0,0,0,0
322,4,0,11,1,0.329167,2720,3663,1,1,0.224496,0.502083,0,0,1,0,0,0,0
323,4,0,11,2,0.463333,2733,3520,1,1,0.18595,0.684583,0,0,0,1,0,0,0
324,4,0,11,3,0.4475,2545,2765,0,3,0.138054,0.91,0,1,0,0,0,0,0
325,4,0,11,3,0.416667,1538,1607,0,3,0.118792,0.9625,0,0,0,0,0,1,0
326,4,0,11,2,0.440833,2454,2566,0,3,0.335825,0.757917,0,0,0,0,0,0,1
327,4,0,11,1,0.373333,935,1495,0,2,0.167304,0.549167,0,0,0,0,1,0,0
328,4,0,11,1,0.375,1697,2792,0,3,0.0988958,0.64375,1,0,0,0,0,0,0
329,4,0,11,1,0.375833,1819,3068,1,1,0.0684208,0.681667,0,0,1,0,0,0,0
330,4,0,11,1,0.459167,2261,3071,1,1,0.208954,0.698333,0,0,0,1,0,0,0
331,4,0,11,1,0.503478,3614,3867,0,3,0.142122,0.743043,0,1,0,0,0,0,0
332,4,0,11,2,0.458333,2818,2914,0,3,0.258092,0.830833,0,0,0,0,0,1,0
333,4,0,11,1,0.325,3425,3613,0,3,0.271158,0.613333,0,0,0,0,0,0,1
334,4,0,12,1,0.3125,3545,3727,0,3,0.220158,0.524583,0,0,0,0,1,0,0
335,4,0,12,1,0.314167,3672,3940,0,3,0.100754,0.625833,1,0,0,0,0,0,0
336,4,0,12,1,0.299167,2908,3614,1,1,0.0957833,0.612917,0,0,1,0,0,0,0
337,4,0,12,1,0.330833,2851,3485,1,1,0.0839583,0.775833,0,0,0,1,0,0,0
338,4,0,12,2,0.385833,3578,3811,0,3,0.0622083,0.827083,0,1,0,0,0,0,0
339,4,0,12,3,0.4625,2468,2594,0,3,0.232583,0.949583,0,0,0,0,0,1,0
340,4,0,12,3,0.41,655,705,0,3,0.266175,0.970417,0,0,0,0,0,0,1
341,4,0,12,1,0.265833,3172,3322,0,3,0.240058,0.58,0,0,0,0,1,0,0
342,4,0,12,1,0.290833,3359,3620,0,3,0.0827167,0.695833,1,0,0,0,0,0,0
343,4,0,12,1,0.275,2688,3190,1,1,0.233221,0.5075,0,0,1,0,0,0,0
344,4,0,12,1,0.220833,2366,2743,1,1,0.0665417,0.49,0,0,0,1,0,0,0
345,4,0,12,1,0.238333,3167,3310,0,3,0.06345,0.670833,0,1,0,0,0,0,0
346,4,0,12,1,0.2825,3368,3523,0,3,0.14055,0.59,0,0,0,0,0,1,0
347,4,0,12,2,0.3175,3562,3740,0,3,0.0609583,0.66375,0,0,0,0,0,0,1
348,4,0,12,2,0.4225,3528,3709,0,3,0.268042,0.634167,0,0,0,0,1,0,0
349,4,0,12,2,0.375,3399,3577,0,3,0.260575,0.500417,1,0,0,0,0,0,0
350,4,0,12,2,0.258333,2464,2739,1,1,0.243167,0.560833,0,0,1,0,0,0,0
351,4,0,12,1,0.238333,2211,2431,1,1,0.169779,0.58625,0,0,0,1,0,0,0
352,4,0,12,1,0.276667,3143,3403,0,3,0.172896,0.6375,0,1,0,0,0,0,0
353,4,0,12,2,0.385833,3534,3750,0,3,0.0615708,0.595417,0,0,0,0,0,1,0
354,1,0,12,2,0.428333,2553,2660,0,3,0.2214,0.858333,0,0,0,0,0,0,1
355,1,0,12,2,0.423333,2841,3068,0,3,0.047275,0.7575,0,0,0,0,1,0,0
356,1,0,12,1,0.373333,2046,2209,0,3,0.274246,0.68625,1,0,0,0,0,0,0
357,1,0,12,1,0.3025,856,1011,1,1,0.190304,0.5425,0,0,1,0,0,0,0
358,1,0,12,1,0.274783,451,754,1,1,0.155091,0.681304,0,0,0,1,0,0,0
359,1,0,12,1,0.321739,887,1317,0,2,0.239465,0.506957,0,1,0,0,0,0,0
360,1,0,12,2,0.325,1059,1162,0,3,0.18845,0.7625,0,0,0,0,0,1,0
361,1,0,12,1,0.29913,2047,2302,0,3,0.293961,0.503913,0,0,0,0,0,0,1
362,1,0,12,1,0.248333,2169,2423,0,3,0.119412,0.574167,0,0,0,0,1,0,0
363,1,0,12,1,0.311667,2508,2999,0,3,0.134337,0.636667,1,0,0,0,0,0,0
364,1,0,12,1,0.41,1820,2485,1,1,0.220154,0.615833,0,0,1,0,0,0,0
365,1,1,1,1,0.37,1608,2294,1,1,0.192167,0.6925,0,0,0,1,0,0,0
366,1,1,1,1,0.273043,1707,1951,0,2,0.329665,0.381304,0,1,0,0,0,0,0
367,1,1,1,1,0.15,2147,2236,0,3,0.365671,0.44125,0,0,0,0,0,1,0
368,1,1,1,2,0.1075,2273,2368,0,3,0.1847,0.414583,0,0,0,0,0,0,1
369,1,1,1,1,0.265833,3132,3272,0,3,0.129987,0.524167,0,0,0,0,1,0,0
370,1,1,1,1,0.334167,3791,4098,0,3,0.167908,0.542083,1,0,0,0,0,0,0
371,1,1,1,1,0.393333,3451,4521,1,1,0.174758,0.531667,0,0,1,0,0,0,0
372,1,1,1,1,0.3375,2826,3425,1,1,0.191542,0.465,0,0,0,1,0,0,0
373,1,1,1,2,0.224167,2270,2376,0,3,0.0989,0.701667,0,1,0,0,0,0,0
374,1,1,1,1,0.308696,3425,3598,0,3,0.187552,0.646522,0,0,0,0,0,1,0
375,1,1,1,2,0.274167,2085,2177,0,3,0.131221,0.8475,0,0,0,0,0,0,1
376,1,1,1,2,0.3825,3828,4097,0,3,0.180967,0.802917,0,0,0,0,1,0,0
377,1,1,1,1,0.274167,3040,3214,0,3,0.378108,0.5075,1,0,0,0,0,0,0
378,1,1,1,1,0.18,2160,2493,1,1,0.187183,0.4575,0,0,1,0,0,0,0
379,1,1,1,1,0.166667,2027,2311,1,1,0.251258,0.419167,0,0,0,1,0,0,0
380,1,1,1,1,0.19,2081,2298,0,2,0.231358,0.5225,0,1,0,0,0,0,0
381,1,1,1,2,0.373043,2808,2935,0,3,0.34913,0.716087,0,0,0,0,0,1,0
382,1,1,1,1,0.303333,3267,3376,0,3,0.415429,0.443333,0,0,0,0,0,0,1
383,1,1,1,1,0.19,3162,3292,0,3,0.220158,0.4975,0,0,0,0,1,0,0
384,1,1,1,2,0.2175,3048,3163,0,3,0.20275,0.45,1,0,0,0,0,0,0
385,1,1,1,2,0.173333,1234,1301,1,1,0.222642,0.83125,0,0,1,0,0,0,0
386,1,1,1,2,0.1625,1781,1977,1,1,0.199638,0.79625,0,0,0,1,0,0,0
387,1,1,1,2,0.218333,2287,2432,0,3,0.110708,0.91125,0,1,0,0,0,0,0
388,1,1,1,1,0.3425,3900,4339,0,3,0.123767,0.835833,0,0,0,0,0,1,0
389,1,1,1,1,0.294167,3803,4270,0,3,0.161071,0.64375,0,0,0,0,0,0,1
390,1,1,1,2,0.341667,3831,4075,0,3,0.0733958,0.769583,0,0,0,0,1,0,0
391,1,1,1,2,0.425,3187,3456,0,3,0.342667,0.74125,1,0,0,0,0,0,0
392,1,1,1,1,0.315833,3248,4023,1,1,0.210829,0.543333,0,0,1,0,0,0,0
393,1,1,1,1,0.2825,2685,3243,1,1,0.24005,0.31125,0,0,0,1,0,0,0
394,1,1,1,1,0.269167,3498,3624,0,3,0.215792,0.400833,0,1,0,0,0,0,0
395,1,1,1,1,0.39,4185,4509,0,3,0.261817,0.416667,0,0,0,0,0,1,0
396,1,1,2,1,0.469167,4275,4579,0,3,0.189067,0.507917,0,0,0,0,0,0,1
397,1,1,2,2,0.399167,3571,3761,0,3,0.187187,0.672917,0,0,0,0,1,0,0
398,1,1,2,1,0.313333,3841,4151,0,3,0.178496,0.526667,1,0,0,0,0,0,0
399,1,1,2,2,0.264167,2448,2832,1,1,0.121896,0.779583,0,0,1,0,0,0,0
400,1,1,2,2,0.265833,2629,2947,1,1,0.175996,0.687917,0,0,0,1,0,0,0
401,1,1,2,1,0.282609,3578,3784,0,3,0.1538,0.622174,0,1,0,0,0,0,0
402,1,1,2,1,0.354167,4176,4375,0,3,0.147379,0.49625,0,0,0,0,0,1,0
403,1,1,2,2,0.256667,2693,2802,0,3,0.133721,0.722917,0,0,0,0,0,0,1
404,1,1,2,1,0.265,3667,3830,0,3,0.194037,0.562083,0,0,0,0,1,0,0
405,1,1,2,2,0.280833,3604,3831,0,3,0.116929,0.54,1,0,0,0,0,0,0
406,1,1,2,3,0.224167,1977,2169,1,1,0.289796,0.73125,0,0,1,0,0,0,0
407,1,1,2,1,0.1275,1456,1529,1,1,0.409212,0.464583,0,0,0,1,0,0,0
408,1,1,2,1,0.2225,3328,3422,0,3,0.167283,0.41125,0,1,0,0,0,0,0
409,1,1,2,2,0.319167,3787,3922,0,3,0.141179,0.50875,0,0,0,0,0,1,0
410,1,1,2,1,0.348333,4028,4169,0,3,0.1816,0.53125,0,0,0,0,0,0,1
411,1,1,2,2,0.316667,2931,3005,0,3,0.091425,0.752917,0,0,0,0,1,0,0
412,1,1,2,1,0.343333,3805,4154,0,3,0.205846,0.634583,1,0,0,0,0,0,0
413,1,1,2,1,0.346667,2883,4318,1,1,0.190929,0.534583,0,0,1,0,0,0,0
414,1,1,2,2,0.28,2071,2689,1,1,0.253112,0.515833,0,0,0,1,0,0,0
415,1,1,2,1,0.28,2627,3129,0,2,0.229083,0.507826,0,1,0,0,0,0,0
416,1,1,2,1,0.287826,3614,3777,0,3,0.205717,0.594348,0,0,0,0,0,1,0
417,1,1,2,1,0.395833,4379,4773,0,3,0.234471,0.567917,0,0,0,0,0,0,1
418,1,1,2,1,0.454167,4546,5062,0,3,0.190913,0.554583,0,0,0,0,1,0,0
419,1,1,2,2,0.4075,3241,3487,0,3,0.237567,0.7375,1,0,0,0,0,0,0
420,1,1,2,1,0.290833,2415,2732,1,1,0.421642,0.395833,0,0,1,0,0,0,0
421,1,1,2,1,0.279167,2874,3389,1,1,0.205229,0.41,0,0,0,1,0,0,0
422,1,1,2,1,0.366667,4069,4322,0,3,0.268033,0.490833,0,1,0,0,0,0,0
423,1,1,2,1,0.359167,4134,4363,0,3,0.193417,0.395833,0,0,0,0,0,1,0
424,1,1,2,2,0.344348,1769,1834,0,3,0.179117,0.804783,0,0,0,0,0,0,1
425,1,1,3,1,0.485833,4665,4990,0,3,0.226987,0.615417,0,0,0,0,1,0,0
426,1,1,3,2,0.353333,2948,3194,0,3,0.144904,0.657083,1,0,0,0,0,0,0
427,1,1,3,2,0.414167,3110,4066,1,1,0.161079,0.62125,0,0,1,0,0,0,0
428,1,1,3,1,0.325833,2713,3423,1,1,0.334571,0.403333,0,0,0,1,0,0,0
429,1,1,3,1,0.243333,3130,3333,0,3,0.228858,0.50625,0,1,0,0,0,0,0
430,1,1,3,1,0.258333,3735,3956,0,3,0.200875,0.456667,0,0,0,0,0,1,0
431,1,1,3,1,0.404167,4484,4916,0,3,0.345779,0.513333,0,0,0,0,0,0,1
432,1,1,3,1,0.5275,4896,5382,0,3,0.441563,0.5675,0,0,0,0,1,0,0
433,1,1,3,2,0.410833,4122,4569,0,3,0.4148,0.407083,1,0,0,0,0,0,0
434,1,1,3,1,0.2875,3150,4118,1,1,0.22575,0.350417,0,0,1,0,0,0,0
435,1,1,3,1,0.361739,3253,4911,1,1,0.222587,0.476957,0,0,0,1,0,0,0
436,1,1,3,1,0.466667,4460,5298,0,3,0.207713,0.489167,0,1,0,0,0,0,0
437,1,1,3,1,0.565,5085,5847,0,3,0.23695,0.6175,0,0,0,0,0,1,0
438,1,1,3,1,0.5725,5315,6312,0,3,0.115062,0.507083,0,0,0,0,0,0,1
439,1,1,3,1,0.5575,5187,6192,0,3,0.149883,0.579583,0,0,0,0,1,0,0
440,1,1,3,2,0.435833,3830,4378,0,3,0.113192,0.842083,1,0,0,0,0,0,0
441,1,1,3,2,0.514167,4681,7836,1,1,0.110704,0.755833,0,0,1,0,0,0,0
442,1,1,3,2,0.4725,3685,5892,1,1,0.126883,0.81,0,0,0,1,0,0,0
443,1,1,3,1,0.545,5171,6153,0,3,0.162317,0.72875,0,1,0,0,0,0,0
444,1,1,3,1,0.560833,5042,6093,0,3,0.121271,0.807917,0,0,0,0,0,1,0
445,2,1,3,2,0.531667,5108,6230,0,3,0.0895583,0.82125,0,0,0,0,0,0,1
446,2,1,3,1,0.554167,5537,6871,0,3,0.117562,0.83125,0,0,0,0,1,0,0
447,2,1,3,2,0.601667,5893,8362,0,3,0.1163,0.694167,1,0,0,0,0,0,0
448,2,1,3,2,0.5025,2339,3372,1,1,0.192783,0.885417,0,0,1,0,0,0,0
449,2,1,3,2,0.4375,3464,4996,1,1,0.220775,0.880833,0,0,0,1,0,0,0
450,2,1,3,1,0.445833,4763,5558,0,3,0.386821,0.477917,0,1,0,0,0,0,0
451,2,1,3,1,0.323333,4571,5102,0,3,0.187192,0.29,0,0,0,0,0,1,0
452,2,1,3,1,0.484167,5024,5698,0,3,0.291671,0.48125,0,0,0,0,0,0,1
453,2,1,3,1,0.494167,5299,6133,0,3,0.31965,0.439167,0,0,0,0,1,0,0
454,2,1,3,2,0.37,4663,5459,0,3,0.138067,0.580833,1,0,0,0,0,0,0
455,2,1,3,2,0.424167,3934,6235,1,1,0.250617,0.738333,0,0,1,0,0,0,0
456,2,1,4,2,0.425833,3694,6041,1,1,0.172267,0.67625,0,0,0,1,0,0,0
457,2,1,4,1,0.433913,4728,5936,0,3,0.312139,0.504348,0,1,0,0,0,0,0
458,2,1,4,1,0.466667,5424,6772,0,3,0.100133,0.396667,0,0,0,0,0,1,0
459,2,1,4,1,0.541667,5378,6436,0,3,0.180975,0.469583,0,0,0,0,0,0,1
460,2,1,4,1,0.435,5265,6457,0,3,0.219529,0.374167,0,0,0,0,1,0,0
461,2,1,4,1,0.403333,4653,6460,0,3,0.300388,0.377083,1,0,0,0,0,0,0
462,2,1,4,1,0.4375,3605,6857,1,1,0.274871,0.254167,0,0,1,0,0,0,0
463,2,1,4,1,0.5,2939,5169,1,1,0.232596,0.275833,0,0,0,1,0,0,0
464,2,1,4,1,0.489167,4680,5585,0,3,0.358196,0.3175,0,1,0,0,0,0,0
465,2,1,4,1,0.446667,5099,5918,0,3,0.249375,0.435,0,0,0,0,0,1,0
466,2,1,4,1,0.348696,4380,4862,0,3,0.295274,0.469565,0,0,0,0,0,0,1
467,2,1,4,1,0.3975,4746,5409,0,3,0.290429,0.46625,0,0,0,0,1,0,0
468,2,1,4,1,0.4425,5146,6398,0,3,0.155471,0.408333,1,0,0,0,0,0,0
469,2,1,4,1,0.495,4665,7460,1,1,0.190917,0.502917,0,0,1,0,0,0,0
470,2,1,4,1,0.606667,4286,7132,1,1,0.225129,0.507917,0,0,0,1,0,0,0
471,2,1,4,1,0.664167,5172,6370,0,2,0.284829,0.561667,0,1,0,0,0,0,0
472,2,1,4,1,0.608333,5702,6691,0,3,0.273629,0.390417,0,0,0,0,0,1,0
473,2,1,4,2,0.463333,4020,4367,0,3,0.167912,0.569167,0,0,0,0,0,0,1
474,2,1,4,1,0.498333,5719,6565,0,3,0.0659292,0.6125,0,0,0,0,1,0,0
475,2,1,4,1,0.526667,5950,7290,0,3,0.149871,0.694583,1,0,0,0,0,0,0
476,2,1,4,1,0.57,4083,6624,1,1,0.283587,0.682917,0,0,1,0,0,0,0
477,2,1,4,3,0.396667,907,1027,1,1,0.344546,0.835417,0,0,0,1,0,0,0
478,2,1,4,2,0.321667,3019,3214,0,3,0.303496,0.766667,0,1,0,0,0,0,0
479,2,1,4,1,0.413333,5115,5633,0,3,0.249383,0.454167,0,0,0,0,0,1,0
480,2,1,4,1,0.476667,5541,6196,0,3,0.118792,0.427917,0,0,0,0,0,0,1
481,2,1,4,2,0.498333,4551,5026,0,3,0.176625,0.756667,0,0,0,0,1,0,0
482,2,1,4,1,0.4575,5219,6233,0,3,0.347633,0.400833,1,0,0,0,0,0,0
483,2,1,4,2,0.376667,3100,4220,1,1,0.129975,0.489583,0,0,1,0,0,0,0
484,2,1,4,1,0.458333,4075,6304,1,1,0.116908,0.587083,0,0,0,1,0,0,0
485,2,1,4,2,0.464167,4907,5572,0,3,0.171638,0.57,0,1,0,0,0,0,0
486,2,1,5,2,0.613333,5087,5740,0,3,0.156096,0.659583,0,0,0,0,0,1,0
487,2,1,5,1,0.564167,5502,6169,0,3,0.138058,0.797083,0,0,0,0,0,0,1
488,2,1,5,2,0.56,5657,6421,0,3,0.133696,0.768333,0,0,0,0,1,0,0
489,2,1,5,1,0.6275,5227,6296,0,3,0.162938,0.735417,1,0,0,0,0,0,0
490,2,1,5,2,0.621667,4387,6883,1,1,0.152992,0.756667,0,0,1,0,0,0,0
491,2,1,5,2,0.5625,4224,6359,1,1,0.149879,0.74,0,0,0,1,0,0,0
492,2,1,5,2,0.5375,5265,6273,0,3,0.230721,0.664167,0,1,0,0,0,0,0
493,2,1,5,2,0.581667,4990,5728,0,3,0.296029,0.685833,0,0,0,0,0,1,0
494,2,1,5,2,0.575,4097,4717,0,3,0.216412,0.744167,0,0,0,0,0,0,1
495,2,1,5,1,0.505833,5546,6572,0,3,0.314063,0.552083,0,0,0,0,1,0,0
496,2,1,5,1,0.533333,5711,7030,0,3,0.236937,0.360417,1,0,0,0,0,0,0
497,2,1,5,1,0.564167,4807,7429,1,1,0.123133,0.480417,0,0,1,0,0,0,0
498,2,1,5,1,0.6125,3946,6118,1,1,0.225117,0.57625,0,0,0,1,0,0,0
499,2,1,5,2,0.573333,2501,2843,0,3,0.212692,0.789583,0,1,0,0,0,0,0
500,2,1,5,2,0.611667,4490,5115,0,3,0.147392,0.794583,0,0,0,0,0,1,0
501,2,1,5,1,0.636667,6433,7424,0,3,0.122512,0.697917,0,0,0,0,0,0,1
502,2,1,5,1,0.593333,6142,7384,0,3,0.229475,0.52,0,0,0,0,1,0,0
503,2,1,5,1,0.564167,6118,7639,0,3,0.136817,0.523333,1,0,0,0,0,0,0
504,2,1,5,1,0.6,4884,8294,1,1,0.083975,0.45625,0,0,1,0,0,0,0
505,2,1,5,1,0.620833,4425,7129,1,1,0.254367,0.530417,0,0,0,1,0,0,0
506,2,1,5,2,0.598333,3729,4359,0,3,0.233204,0.81125,0,1,0,0,0,0,0
507,2,1,5,2,0.615,5254,6073,0,3,0.118167,0.765833,0,0,0,0,0,1,0
508,2,1,5,2,0.621667,4494,5260,0,3,0.102,0.774583,0,0,0,0,0,0,1
509,2,1,5,1,0.655,5711,6770,0,3,0.172896,0.716667,0,0,0,0,1,0,0
510,2,1,5,1,0.68,5317,6734,0,3,0.14055,0.747083,1,0,0,0,0,0,0
511,2,1,5,1,0.6925,3681,6536,1,1,0.198992,0.7325,0,0,1,0,0,0,0
512,2,1,5,1,0.69,3308,6591,1,1,0.215171,0.697083,0,0,0,1,0,0,0
513,2,1,5,1,0.7125,3486,6043,0,2,0.196521,0.67625,0,1,0,0,0,0,0
514,2,1,5,1,0.7225,4863,5743,0,3,0.2954,0.684583,0,0,0,0,0,1,0
515,2,1,5,2,0.656667,6110,6855,0,3,0.134329,0.67,0,0,0,0,0,0,1
516,2,1,5,1,0.68,6238,7338,0,3,0.195279,0.492917,0,0,0,0,1,0,0
517,2,1,6,2,0.654167,3594,4127,0,3,0.237563,0.755417,1,0,0,0,0,0,0
518,2,1,6,1,0.583333,5325,8120,1,1,0.186562,0.549167,0,0,1,0,0,0,0
519,2,1,6,1,0.6025,5147,7641,1,1,0.184087,0.493333,0,0,0,1,0,0,0
520,2,1,6,1,0.5975,5927,6998,0,3,0.284833,0.487083,0,1,0,0,0,0,0
521,2,1,6,2,0.540833,6033,7001,0,3,0.209575,0.613333,0,0,0,0,0,1,0
522,2,1,6,1,0.554167,6028,7055,0,3,0.077125,0.61125,0,0,0,0,0,0,1
523,2,1,6,1,0.6025,6456,7494,0,3,0.15735,0.567083,0,0,0,0,1,0,0
524,2,1,6,1,0.649167,6248,7736,0,3,0.175383,0.467917,1,0,0,0,0,0,0
525,2,1,6,1,0.710833,4790,7498,1,1,0.144287,0.437083,0,0,1,0,0,0,0
526,2,1,6,1,0.726667,4374,6598,1,1,0.133721,0.538333,0,0,0,1,0,0,0
527,2,1,6,2,0.720833,5647,6664,0,3,0.207713,0.587917,0,1,0,0,0,0,0
528,2,1,6,2,0.653333,4495,4972,0,3,0.214546,0.833333,0,0,0,0,0,1,0
529,2,1,6,1,0.655833,6248,7421,0,3,0.343279,0.582083,0,0,0,0,0,0,1
530,2,1,6,1,0.648333,6183,7363,0,3,0.253733,0.569583,0,0,0,0,1,0,0
531,2,1,6,1,0.639167,6102,7665,0,3,0.176617,0.589583,1,0,0,0,0,0,0
532,2,1,6,1,0.631667,4739,7702,1,1,0.166667,0.504167,0,0,1,0,0,0,0
533,2,1,6,1,0.5925,4344,6978,1,1,0.144904,0.59875,0,0,0,1,0,0,0
534,2,1,6,2,0.568333,4446,5099,0,3,0.174746,0.777917,0,1,0,0,0,0,0
535,2,1,6,1,0.688333,5857,6825,0,3,0.148017,0.69,0,0,0,0,0,1,0
536,2,1,6,1,0.7825,5339,6211,0,3,0.113812,0.592083,0,0,0,0,0,0,1
537,3,1,6,1,0.805833,5127,5905,0,3,0.118787,0.567917,0,0,0,0,1,0,0
538,3,1,6,1,0.7775,4859,5823,0,3,0.182842,0.57375,1,0,0,0,0,0,0
539,3,1,6,1,0.731667,4801,7458,1,1,0.179721,0.534583,0,0,1,0,0,0,0
540,3,1,6,1,0.743333,4340,6891,1,1,0.145525,0.479167,0,0,0,1,0,0,0
541,3,1,6,1,0.715833,5640,6779,0,3,0.300383,0.504167,0,1,0,0,0,0,0
542,3,1,6,1,0.630833,6365,7442,0,3,0.347642,0.373333,0,0,0,0,0,1,0
543,3,1,6,1,0.6975,6258,7335,0,3,0.271775,0.36,0,0,0,0,0,0,1
544,3,1,6,1,0.749167,5958,6879,0,3,0.17165,0.4225,0,0,0,0,1,0,0
545,3,1,6,1,0.834167,4634,5463,0,3,0.165417,0.48875,1,0,0,0,0,0,0
546,3,1,6,1,0.765,4232,5687,1,1,0.161071,0.60125,0,0,1,0,0,0,0
547,3,1,7,1,0.815833,4110,5531,1,1,0.168529,0.51875,0,0,0,1,0,0,0
548,3,1,7,1,0.781667,5323,6227,0,3,0.195267,0.447083,0,1,0,0,0,0,0
549,3,1,7,1,0.780833,5608,6660,0,3,0.126237,0.492083,0,0,0,0,0,1,0
550,3,1,7,1,0.789167,4841,7403,0,2,0.13495,0.53875,0,0,0,0,0,0,1
551,3,1,7,1,0.8275,4836,6241,0,3,0.194029,0.457917,0,0,0,0,1,0,0
552,3,1,7,1,0.828333,4841,6207,0,3,0.146142,0.450833,1,0,0,0,0,0,0
553,3,1,7,1,0.861667,3392,4840,1,1,0.163554,0.492083,0,0,1,0,0,0,0
554,3,1,7,1,0.8225,3469,4672,1,1,0.125629,0.57375,0,0,0,1,0,0,0
555,3,1,7,2,0.710833,5571,6569,0,3,0.180975,0.683333,0,1,0,0,0,0,0
556,3,1,7,2,0.720833,5336,6290,0,3,0.151737,0.6675,0,0,0,0,0,1,0
557,3,1,7,1,0.716667,6289,7264,0,3,0.151733,0.633333,0,0,0,0,0,0,1
558,3,1,7,1,0.715833,6414,7446,0,3,0.146775,0.529583,0,0,0,0,1,0,0
559,3,1,7,2,0.731667,5988,7499,0,3,0.08085,0.485833,1,0,0,0,0,0,0
560,3,1,7,2,0.703333,4614,6969,1,1,0.143679,0.699167,0,0,1,0,0,0,0
561,3,1,7,1,0.745833,4111,6031,1,1,0.166667,0.717917,0,0,0,1,0,0,0
562,3,1,7,1,0.763333,5742,6830,0,3,0.164187,0.645,0,1,0,0,0,0,0
563,3,1,7,1,0.818333,5865,6786,0,3,0.114429,0.505833,0,0,0,0,0,1,0
564,3,1,7,1,0.793333,4914,5713,0,3,0.137442,0.577083,0,0,0,0,0,0,1
565,3,1,7,1,0.77,5703,6591,0,3,0.165429,0.600417,0,0,0,0,1,0,0
566,3,1,7,2,0.665833,5123,5870,0,3,0.208967,0.844167,1,0,0,0,0,0,0
567,3,1,7,3,0.595833,3195,4459,1,1,0.2133,0.865417,0,0,1,0,0,0,0
568,3,1,7,2,0.6675,4866,7410,1,1,0.0939208,0.7625,0,0,0,1,0,0,0
569,3,1,7,1,0.741667,5831,6966,0,3,0.138683,0.694167,0,1,0,0,0,0,0
570,3,1,7,1,0.750833,6452,7592,0,3,0.211454,0.655,0,0,0,0,0,1,0
571,3,1,7,1,0.724167,6790,8173,0,3,0.1648,0.45,0,0,0,0,0,0,1
572,3,1,7,1,0.776667,5825,6861,0,3,0.284813,0.596667,0,0,0,0,1,0,0
573,3,1,7,1,0.781667,5645,6904,0,3,0.152992,0.594583,1,0,0,0,0,0,0
574,3,1,7,1,0.755833,4451,6685,1,1,0.15735,0.613333,0,0,1,0,0,0,0
575,3,1,7,1,0.721667,4444,6597,1,1,0.170396,0.62375,0,0,0,1,0,0,0
576,3,1,7,1,0.730833,6065,7105,0,3,0.153617,0.66875,0,1,0,0,0,0,0
577,3,1,7,1,0.713333,6248,7216,0,3,0.165425,0.704167,0,0,0,0,0,1,0
578,3,1,8,1,0.7175,6506,7580,0,3,0.141179,0.6775,0,0,0,0,0,0,1
579,3,1,8,1,0.7525,6278,7261,0,3,0.129354,0.659583,0,0,0,0,1,0,0
580,3,1,8,2,0.765833,5847,7175,0,3,0.215792,0.6425,1,0,0,0,0,0,0
581,3,1,8,1,0.793333,4479,6824,1,1,0.257458,0.613333,0,0,1,0,0,0,0
582,3,1,8,1,0.769167,3757,5464,1,1,0.290421,0.6525,0,0,0,1,0,0,0
583,3,1,8,2,0.7525,5780,7013,0,3,0.129354,0.654167,0,1,0,0,0,0,0
584,3,1,8,2,0.735833,5995,7273,0,3,0.116908,0.70375,0,0,0,0,0,1,0
585,3,1,8,2,0.75,6271,7534,0,3,0.1107,0.672917,0,0,0,0,0,0,1
586,3,1,8,1,0.755833,6090,7286,0,3,0.1561,0.620417,0,0,0,0,1,0,0
587,3,1,8,2,0.715833,4721,5786,0,3,0.238813,0.715833,1,0,0,0,0,0,0
588,3,1,8,2,0.6925,4052,6299,1,1,0.206479,0.732917,0,0,1,0,0,0,0
589,3,1,8,1,0.700833,4362,6544,1,1,0.122512,0.530417,0,0,0,1,0,0,0
590,3,1,8,1,0.720833,5676,6883,0,3,0.136212,0.545417,0,1,0,0,0,0,0
591,3,1,8,1,0.726667,5656,6784,0,3,0.169158,0.686667,0,0,0,0,0,1,0
592,3,1,8,1,0.706667,6149,7347,0,3,0.169771,0.619583,0,0,0,0,0,0,1
593,3,1,8,1,0.719167,6267,7605,0,3,0.141796,0.519167,0,0,0,0,1,0,0
594,3,1,8,1,0.723333,5665,7148,0,3,0.231354,0.570833,1,0,0,0,0,0,0
595,3,1,8,1,0.678333,5038,7865,1,1,0.177867,0.603333,0,0,1,0,0,0,0
596,3,1,8,2,0.635833,3341,4549,1,1,0.08645,0.711667,0,0,0,1,0,0,0
597,3,1,8,2,0.635833,5504,6530,0,3,0.129979,0.734167,0,1,0,0,0,0,0
598,3,1,8,1,0.649167,5925,7006,0,3,0.0727708,0.67375,0,0,0,0,0,1,0
599,3,1,8,1,0.6675,6281,7375,0,3,0.0702833,0.677083,0,0,0,0,0,0,1
600,3,1,8,1,0.695833,6402,7765,0,3,0.0845958,0.635833,0,0,0,0,1,0,0
601,3,1,8,2,0.7025,6257,7582,0,3,0.0721458,0.615,1,0,0,0,0,0,0
602,3,1,8,2,0.661667,4224,6053,1,1,0.244408,0.712917,0,0,1,0,0,0,0
603,3,1,8,2,0.653333,3772,5255,1,1,0.228858,0.845833,0,0,0,1,0,0,0
604,3,1,8,1,0.703333,5928,6917,0,3,0.128733,0.730417,0,1,0,0,0,0,0
605,3,1,8,1,0.728333,6105,7040,0,3,0.190925,0.62,0,0,0,0,0,1,0
606,3,1,8,1,0.685,6520,7697,0,3,0.112562,0.552083,0,0,0,0,0,0,1
607,3,1,8,1,0.706667,6541,7713,0,3,0.0771167,0.590417,0,0,0,0,1,0,0
608,3,1,8,1,0.764167,5917,7350,0,3,0.168533,0.5875,1,0,0,0,0,0,0
609,3,1,9,2,0.753333,3788,6140,1,1,0.113187,0.638333,0,0,1,0,0,0,0
610,3,1,9,2,0.696667,3197,5810,1,1,0.0640708,0.815,0,0,0,1,0,0,0
611,3,1,9,1,0.7075,4069,6034,0,2,0.151121,0.790833,0,1,0,0,0,0,0
612,3,1,9,1,0.725833,5997,6864,0,3,0.236321,0.755,0,0,0,0,0,1,0
613,3,1,9,1,0.736667,6280,7112,0,3,0.187808,0.74125,0,0,0,0,0,0,1
614,3,1,9,2,0.696667,5592,6203,0,3,0.142421,0.810417,0,0,0,0,1,0,0
615,3,1,9,1,0.703333,6459,7504,0,3,0.171646,0.73625,1,0,0,0,0,0,0
616,3,1,9,2,0.659167,4419,5976,1,1,0.281104,0.799167,0,0,1,0,0,0,0
617,3,1,9,1,0.61,5657,8227,1,1,0.224496,0.5475,0,0,0,1,0,0,0
618,3,1,9,1,0.583333,6407,7525,0,3,0.258713,0.50375,0,1,0,0,0,0,0
619,3,1,9,1,0.5775,6697,7767,0,3,0.0920542,0.52,0,0,0,0,0,1,0
620,3,1,9,1,0.599167,6820,7870,0,3,0.131846,0.577083,0,0,0,0,0,0,1
621,3,1,9,1,0.6125,6750,7804,0,3,0.0827208,0.637083,0,0,0,0,1,0,0
622,3,1,9,1,0.633333,6630,8009,0,3,0.103863,0.6725,1,0,0,0,0,0,0
623,3,1,9,1,0.608333,5554,8714,1,1,0.247521,0.501667,0,0,1,0,0,0,0
624,3,1,9,1,0.58,5167,7333,1,1,0.0901833,0.57,0,0,0,1,0,0,0
625,3,1,9,2,0.580833,5847,6869,0,3,0.151742,0.734583,0,1,0,0,0,0,0
626,3,1,9,2,0.623333,3702,4073,0,3,0.357587,0.8725,0,0,0,0,0,1,0
627,3,1,9,1,0.5525,6803,7591,0,3,0.215175,0.536667,0,0,0,0,0,0,1
628,3,1,9,1,0.546667,6781,7720,0,3,0.118167,0.618333,0,0,0,0,1,0,0
629,3,1,9,1,0.599167,6917,8167,0,3,0.154229,0.66875,1,0,0,0,0,0,0
630,3,1,9,1,0.65,5883,8395,1,1,0.283583,0.646667,0,0,1,0,0,0,0
631,4,1,9,1,0.529167,5453,7907,1,1,0.223258,0.467083,0,0,0,1,0,0,0
632,4,1,9,1,0.514167,6435,7436,0,3,0.142404,0.492917,0,1,0,0,0,0,0
633,4,1,9,1,0.55,6693,7538,0,3,0.236321,0.57,0,0,0,0,0,1,0
634,4,1,9,1,0.635,6946,7733,0,3,0.2444,0.630833,0,0,0,0,0,0,1
635,4,1,9,2,0.65,6642,7393,0,3,0.134342,0.690833,0,0,0,0,1,0,0
636,4,1,9,2,0.619167,6370,7415,0,3,0.164179,0.69,1,0,0,0,0,0,0
637,4,1,9,1,0.5425,5966,8555,1,1,0.227604,0.542917,0,0,1,0,0,0,0
638,4,1,9,1,0.526667,4874,6889,1,1,0.134958,0.583333,0,0,0,1,0,0,0
639,4,1,10,2,0.520833,6015,6778,0,3,0.0908042,0.649167,0,1,0,0,0,0,0
640,4,1,10,3,0.590833,4324,4639,0,3,0.104475,0.871667,0,0,0,0,0,1,0
641,4,1,10,2,0.6575,6844,7572,0,3,0.0665458,0.79375,0,0,0,0,0,0,1
642,4,1,10,2,0.6575,6437,7328,0,3,0.117546,0.722917,0,0,0,0,1,0,0
643,4,1,10,1,0.615,6640,8156,0,3,0.10635,0.6275,1,0,0,0,0,0,0
644,4,1,10,1,0.554167,4934,7965,1,1,0.268025,0.664167,0,0,1,0,0,0,0
645,4,1,10,2,0.415833,2729,3510,1,1,0.141162,0.708333,0,0,0,1,0,0,0
646,4,1,10,2,0.383333,4604,5478,0,2,0.189679,0.709583,0,1,0,0,0,0,0
647,4,1,10,2,0.446667,5791,6392,0,3,0.1903,0.761667,0,0,0,0,0,1,0
648,4,1,10,1,0.514167,6911,7691,0,3,0.187821,0.630833,0,0,0,0,0,0,1
649,4,1,10,1,0.435,6736,7570,0,3,0.181596,0.463333,0,0,0,0,1,0,0
650,4,1,10,1,0.4375,6222,7282,0,3,0.235092,0.539167,1,0,0,0,0,0,0
651,4,1,10,1,0.393333,4857,7109,1,1,0.146142,0.494583,0,0,1,0,0,0,0
652,4,1,10,1,0.521667,4559,6639,1,1,0.278612,0.640417,0,0,0,1,0,0,0
653,4,1,10,2,0.561667,5115,5875,0,3,0.296037,0.7075,0,1,0,0,0,0,0
654,4,1,10,1,0.468333,6612,7534,0,3,0.182221,0.558333,0,0,0,0,0,1,0
655,4,1,10,1,0.455833,6482,7461,0,3,0.101371,0.692917,0,0,0,0,0,0,1
656,4,1,10,2,0.5225,6501,7509,0,3,0.236937,0.728333,0,0,0,0,1,0,0
657,4,1,10,2,0.563333,4671,5424,0,3,0.134954,0.815,1,0,0,0,0,0,0
658,4,1,10,1,0.484167,5284,8090,1,1,0.117537,0.572917,0,0,1,0,0,0,0
659,4,1,10,1,0.464167,4692,6824,1,1,0.166054,0.51,0,0,0,1,0,0,0
660,4,1,10,1,0.4875,6228,7058,0,3,0.0814833,0.568333,0,1,0,0,0,0,0
661,4,1,10,1,0.544167,6625,7466,0,3,0.0945458,0.641667,0,0,0,0,0,1,0
662,4,1,10,1,0.5875,6898,7693,0,3,0.0727792,0.63625,0,0,0,0,0,0,1
663,4,1,10,2,0.55,6484,7359,0,3,0.124375,0.800417,0,0,0,0,1,0,0
664,4,1,10,2,0.545833,6262,7444,0,3,0.132467,0.807083,1,0,0,0,0,0,0
665,4,1,10,2,0.53,5209,7852,1,1,0.235692,0.72,0,0,1,0,0,0,0
666,4,1,10,2,0.4775,3461,4459,1,1,0.398008,0.694583,0,0,0,1,0,0,0
667,4,1,10,3,0.44,20,22,0,3,0.3582,0.88,0,1,0,0,0,0,0
668,4,1,10,2,0.318182,1009,1096,0,3,0.213009,0.825455,0,0,0,0,0,1,0
669,4,1,10,2,0.3575,5147,5566,0,3,0.166667,0.666667,0,0,0,0,0,0,1
670,4,1,11,2,0.365833,5520,5986,0,3,0.157346,0.581667,0,0,0,0,1,0,0
671,4,1,11,1,0.355,5229,5847,0,3,0.266175,0.522083,1,0,0,0,0,0,0
672,4,1,11,2,0.343333,4109,5138,1,1,0.270529,0.49125,0,0,1,0,0,0,0
673,4,1,11,1,0.325833,3906,5107,1,1,0.179108,0.532917,0,0,0,1,0,0,0
674,4,1,11,1,0.319167,4881,5259,0,3,0.236325,0.494167,0,1,0,0,0,0,0
675,4,1,11,1,0.280833,5220,5686,0,3,0.173513,0.567083,0,0,0,0,0,1,0
676,4,1,11,2,0.295833,4709,5035,0,3,0.304108,0.5475,0,0,0,0,0,0,1
677,4,1,11,1,0.352174,4975,5315,0,3,0.347835,0.333478,0,0,0,0,1,0,0
678,4,1,11,1,0.361667,5283,5992,0,3,0.214558,0.540833,1,0,0,0,0,0,0
679,4,1,11,1,0.389167,4446,6536,1,1,0.0578458,0.645417,0,0,1,0,0,0,0
680,4,1,11,1,0.420833,4562,6852,1,1,0.1275,0.659167,0,0,0,1,0,0,0
681,4,1,11,1,0.485,5172,6269,0,2,0.173517,0.741667,0,1,0,0,0,0,0
682,4,1,11,2,0.343333,3767,4094,0,3,0.342046,0.662917,0,0,0,0,0,1,0
683,4,1,11,1,0.289167,5122,5495,0,3,0.199625,0.552083,0,0,0,0,0,0,1
684,4,1,11,2,0.321667,5125,5445,0,3,0.152987,0.620417,0,0,0,0,1,0,0
685,4,1,11,1,0.345,5214,5698,0,3,0.171025,0.524583,1,0,0,0,0,0,0
686,4,1,11,1,0.325,4316,5629,1,1,0.179729,0.545417,0,0,1,0,0,0,0
687,4,1,11,1,0.3425,3747,4669,1,1,0.227612,0.692917,0,0,0,1,0,0,0
688,4,1,11,2,0.380833,5050,5499,0,3,0.235067,0.623333,0,1,0,0,0,0,0
689,4,1,11,2,0.374167,5100,5634,0,3,0.082725,0.685,0,0,0,0,0,1,0
690,4,1,11,1,0.353333,4531,5146,0,3,0.103246,0.61375,0,0,0,0,0,0,1
691,4,1,11,1,0.34,1470,2425,0,2,0.0528708,0.580417,0,0,0,0,1,0,0
692,4,1,11,1,0.368333,2307,3910,0,3,0.148021,0.56875,1,0,0,0,0,0,0
693,4,1,11,1,0.278333,1745,2277,1,1,0.376871,0.404583,0,0,1,0,0,0,0
694,4,1,11,1,0.245833,2115,2424,1,1,0.1505,0.468333,0,0,0,1,0,0,0
695,4,1,11,1,0.313333,4750,5087,0,3,0.04665,0.535417,0,1,0,0,0,0,0
696,4,1,11,2,0.291667,3836,3959,0,3,0.237562,0.786667,0,0,0,0,0,1,0
697,4,1,11,1,0.296667,5062,5260,0,3,0.210821,0.50625,0,0,0,0,0,0,1
698,4,1,11,1,0.28087,5080,5323,0,3,0.115522,0.555652,0,0,0,0,1,0,0
699,4,1,11,1,0.298333,5306,5668,0,3,0.0584708,0.649583,1,0,0,0,0,0,0
700,4,1,12,2,0.298333,4240,5191,1,1,0.0597042,0.806667,0,0,1,0,0,0,0
701,4,1,12,2,0.3475,3757,4649,1,1,0.124379,0.823333,0,0,0,1,0,0,0
702,4,1,12,1,0.4525,5679,6234,0,3,0.0827208,0.7675,0,1,0,0,0,0,0
703,4,1,12,1,0.475833,6055,6606,0,3,0.174129,0.73375,0,0,0,0,0,1,0
704,4,1,12,1,0.438333,5398,5729,0,3,0.324021,0.485,0,0,0,0,0,0,1
705,4,1,12,1,0.255833,5035,5375,0,3,0.174754,0.50875,0,0,0,0,1,0,0
706,4,1,12,2,0.320833,4659,5008,0,3,0.1306,0.764167,1,0,0,0,0,0,0
707,4,1,12,2,0.381667,4429,5582,1,1,0.101379,0.91125,0,0,1,0,0,0,0
708,4,1,12,2,0.384167,2787,3228,1,1,0.157975,0.905417,0,0,0,1,0,0,0
709,4,1,12,2,0.435833,4841,5170,0,3,0.190308,0.925,0,1,0,0,0,0,0
710,4,1,12,2,0.353333,5219,5501,0,3,0.296037,0.596667,0,0,0,0,0,1,0
711,4,1,12,2,0.2975,5009,5319,0,3,0.162937,0.538333,0,0,0,0,0,0,1
712,4,1,12,1,0.295833,5107,5532,0,3,0.174129,0.485833,0,0,0,0,1,0,0
713,4,1,12,1,0.281667,5182,5611,0,3,0.131229,0.642917,1,0,0,0,0,0,0
714,4,1,12,1,0.324167,4280,5047,1,1,0.10635,0.650417,0,0,1,0,0,0,0
715,4,1,12,2,0.3625,3248,3786,1,1,0.100742,0.83875,0,0,0,1,0,0,0
716,4,1,12,2,0.393333,4373,4585,0,3,0.0982583,0.907083,0,1,0,0,0,0,0
717,4,1,12,1,0.410833,5124,5557,0,3,0.221404,0.66625,0,0,0,0,0,1,0
718,4,1,12,1,0.3325,4934,5267,0,3,0.184092,0.625417,0,0,0,0,0,0,1
719,4,1,12,2,0.33,3814,4128,0,3,0.132463,0.667917,0,0,0,0,1,0,0
720,1,1,12,2,0.326667,3402,3623,0,3,0.374383,0.556667,1,0,0,0,0,0,0
721,1,1,12,1,0.265833,1544,1749,1,1,0.407346,0.44125,0,0,1,0,0,0,0
722,1,1,12,1,0.245833,1379,1787,1,1,0.133083,0.515417,0,0,0,1,0,0,0
723,1,1,12,2,0.231304,746,920,0,3,0.0772304,0.791304,0,1,0,0,0,0,0
724,1,1,12,2,0.291304,573,1013,0,2,0.168726,0.734783,0,0,0,0,0,1,0
725,1,1,12,3,0.243333,432,441,0,3,0.316546,0.823333,0,0,0,0,0,0,1
726,1,1,12,2,0.254167,1867,2114,0,3,0.350133,0.652917,0,0,0,0,1,0,0
727,1,1,12,2,0.253333,2451,3095,0,3,0.155471,0.59,1,0,0,0,0,0,0
728,1,1,12,2,0.253333,1182,1341,1,1,0.124383,0.752917,0,0,1,0,0,0,0
729,1,1,12,1,0.255833,1432,1796,1,1,0.350754,0.483333,0,0,0,1,0,0,0
730,1,1,12,2,0.215833,2290,2729,0,3,0.154846,0.5775,0,1,0,0,0,0,0
